meeting_start,meeting_end
2010-01-26,2010-01-27
2010-03-16,2010-03-16
2010-04-27,2010-04-28
2010-06-22,2010-06-23
2010-08-10,2010-08-10
2010-09-21,2010-09-21
2010-11-02,2010-11-03
2010-12-14,2010-12-14
2011-01-25,2011-01-26
2011-03-15,2011-03-15
2011-04-26,2011-04-27
2011-06-21,2011-06-22
2011-08-09,2011-08-09
2011-09-20,2011-09-21
2011-11-01,2011-11-02
2011-12-13,2011-12-13
2012-01-24,2012-01-25
2012-03-13,2012-03-13
2012-04-24,2012-04-25
2012-06-19,2012-06-20
2012-07-31,2012-08-01
2012-09-12,2012-09-13
2012-10-23,2012-10-24
2012-12-11,2012-12-12
2013-01-29,2013-01-30
2013-03-19,2013-03-20
2013-04-30,2013-05-01
2013-06-18,2013-06-19
2013-07-30,2013-07-31
2013-09-17,2013-09-18
2013-10-29,2013-10-30
2013-12-17,2013-12-18
2014-01-28,2014-01-29
2014-03-18,2014-03-19
2014-04-29,2014-04-30
2014-06-17,2014-06-18
2014-07-29,2014-07-30
2014-09-16,2014-09-17
2014-10-28,2014-10-29
2014-12-16,2014-12-17
2015-01-27,2015-01-28
2015-03-17,2015-03-18
2015-04-28,2015-04-29
2015-06-16,2015-06-17
2015-07-28,2015-07-29
2015-09-16,2015-09-17
2015-10-27,2015-10-28
2015-12-15,2015-12-16
2016-01-26,2016-01-27
2016-03-15,2016-03-16
2016-04-26,2016-04-27
2016-06-14,2016-06-15
2016-07-26,2016-07-27
2016-09-20,2016-09-21
2016-11-01,2016-11-02
2016-12-13,2016-12-14
2017-01-31,2017-02-01
2017-03-14,2017-03-15
2017-05-02,2017-05-03
2017-06-13,2017-06-14
2017-07-25,2017-07-26
2017-09-19,2017-09-20
2017-10-31,2017-11-01
2017-12-12,2017-12-13
2018-01-30,2018-01-31
2018-03-20,2018-03-21
2018-05-01,2018-05-02
2018-06-12,2018-06-13
2018-07-31,2018-08-01
2018-09-25,2018-09-26
2018-11-07,2018-11-08
2018-12-18,2018-12-19
2019-01-29,2019-01-30
2019-03-19,2019-03-20
2019-04-30,2019-05-01
2019-06-18,2019-06-19
2019-07-30,2019-07-31
2019-09-17,2019-09-18
2019-10-29,2019-10-30
2019-12-10,2019-12-11
2020-01-28,2020-01-29
2020-03-17,2020-03-18
2020-04-28,2020-04-29
2020-06-09,2020-06-10
2020-07-28,2020-07-29
2020-09-15,2020-09-16
2020-11-04,2020-11-05
2020-12-15,2020-12-16
2021-01-26,2021-01-27
2021-03-16,2021-03-17
2021-04-27,2021-04-28
2021-06-15,2021-06-16
2021-07-27,2021-07-28
2021-09-21,2021-09-22
2021-11-02,2021-11-03
2021-12-14,2021-12-15
2022-01-25,2022-01-26
2022-03-15,2022-03-16
2022-05-03,2022-05-04
2022-06-14,2022-06-15
2022-07-26,2022-07-27
2022-09-20,2022-09-21
2022-11-01,2022-11-02
2022-12-13,2022-12-14
2023-01-31,2023-02-01
2023-03-21,2023-03-22
2023-05-02,2023-05-03
2023-06-13,2023-06-14
2023-07-25,2023-07-26
2023-09-19,2023-09-20
2023-10-31,2023-11-01
2023-12-12,2023-12-13
2024-01-30,2024-01-31
2024-03-19,2024-03-20
2024-04-30,2024-05-01
2024-06-11,2024-06-12
2024-07-30,2024-07-31
2024-09-17,2024-09-18
2024-11-06,2024-11-07
2024-12-17,2024-12-18
